Country,Revenue,Transactions,Units,Customers,RevenueSharePct
United Kingdom,14389234.9,33541,8532411,5350,82.82
EIRE,616570.54,567,318021,5,3.55
Netherlands,554038.09,228,383879,22,3.19
Germany,425019.71,789,225154,107,2.45
France,348768.96,614,270288,95,2.01
Australia,169283.46,95,103759,15,0.97
Spain,108332.49,154,50307,41,0.62
Switzerland,100061.94,90,52227,22,0.58
Sweden,91515.82,104,88495,19,0.53
Denmark,68580.69,43,237471,12,0.39
Belgium,65387.82,149,34768,29,0.38
Norway,56322.5,45,23621,13,0.32
Portugal,55554.78,93,27423,24,0.32
Channel Islands,44623.33,55,21396,13,0.26
Japan,43023.91,33,31643,10,0.25
Italy,32108.17,65,15312,17,0.18
Finland,29925.54,57,14375,14,0.17
Singapore,25317.06,11,6994,1,0.15
Cyprus,24849.95,37,10950,11,0.14
Austria,23613.01,45,11578,13,0.14
Greece,19096.19,18,7724,5,0.11
Poland,10654.29,28,5688,6,0.06
Israel,10415.24,7,5175,4,0.06
United Arab Emirates,9202.69,11,5839,4,0.05
Unspecified,8607.35,16,5113,6,0.05
USA,8366.86,20,5264,9,0.05
Malta,8099.09,9,2519,2,0.05
Iceland,4921.53,8,2967,1,0.03
Lithuania,4892.68,6,2306,1,0.03
Canada,4883.04,8,3657,5,0.03
Thailand,3070.54,2,2552,1,0.02
RSA,1933.74,2,942,2,0.01
Lebanon,1693.88,1,386,1,0.01
Brazil,1411.87,2,545,2,0.01
Bahrain,1354.37,4,755,2,0.01
European Community,1300.25,4,499,1,0.01
Korea,1118.51,2,700,2,0.01
Czech Republic,826.74,2,671,1,0.0
West Indies,536.41,1,395,1,0.0
Saudi Arabia,145.92,1,80,1,0.0
Nigeria,140.39,2,103,1,0.0
