YearMonth,Revenue,Transactions,Units,UniqueCustomers,AverageOrderValue
2009-12,683504.01,1512,398660,955,452.05
2010-01,555802.67,1011,370082,720,549.76
2010-02,504558.95,1104,371861,772,457.03
2010-03,696978.47,1524,502100,1057,457.33
2010-04,591982.0,1329,350587,942,445.43
2010-05,597833.38,1377,384960,966,434.16
2010-06,636371.13,1497,389872,1041,425.1
2010-07,589736.17,1381,324632,928,427.04
2010-08,602224.6,1293,452542,911,465.76
2010-09,829013.95,1689,567153,1145,490.83
2010-10,1033112.01,2133,596432,1497,484.35
2010-11,1166460.02,2587,653068,1607,450.89
2010-12,570422.73,1400,311048,885,407.44
2011-01,568101.31,987,348473,741,575.58
2011-02,446084.92,997,265027,758,447.43
2011-03,594081.76,1321,347582,974,449.72
2011-04,468374.33,1149,291366,856,407.64
2011-05,677355.15,1555,372864,1056,435.6
2011-06,660046.05,1393,363014,991,473.83
2011-07,598962.9,1331,367360,949,450.01
2011-08,644051.04,1280,397373,935,503.16
2011-09,950690.2,1755,543652,1266,541.7
2011-10,1035642.45,1929,591543,1364,536.88
2011-11,1156205.61,2657,665923,1664,435.15
2011-12,517208.44,778,286778,615,664.79
