Country,CustomerCount,TotalOrders,TotalUnits,TotalRevenue,AverageCustomerRevenue,AverageOrderValue
United Kingdom,5350,33542,8532412,14389436.46,2689.61,429.0
EIRE,4,566,318020,616368.98,154092.24,1088.99
Netherlands,22,228,383879,554038.09,25183.55,2429.99
Germany,106,788,225123,424922.66,4008.7,539.24
France,95,616,270352,349107.36,3674.81,566.73
Australia,14,93,103711,169207.79,12086.27,1819.44
Spain,38,147,49336,106684.82,2807.5,725.75
Switzerland,22,100,53622,103262.74,4693.76,1032.63
Sweden,19,104,88495,91515.82,4816.62,879.96
Denmark,9,40,236221,67059.87,7451.1,1676.5
Belgium,28,149,35307,65252.55,2330.45,437.94
Norway,13,45,23621,56322.5,4332.5,1251.61
Portugal,24,93,27423,55554.78,2314.78,597.36
Channel Islands,13,55,21396,44623.33,3432.56,811.33
Japan,10,33,31643,43023.91,4302.39,1303.75
Italy,17,65,15312,32108.17,1888.72,493.97
Finland,14,57,14375,29925.54,2137.54,525.01
Cyprus,10,43,11753,26277.03,2627.7,611.09
Singapore,1,11,6994,25317.06,25317.06,2301.55
Austria,11,40,11077,22123.21,2011.2,553.08
Greece,5,18,7724,19096.19,3819.24,1060.9
Poland,6,28,5688,10654.29,1775.72,380.51
Israel,4,7,5175,10415.24,2603.81,1487.89
United Arab Emirates,4,11,5839,9202.69,2300.67,836.61
Unspecified,6,16,5113,8607.35,1434.56,537.96
USA,9,20,5264,8366.86,929.65,418.34
Malta,2,9,2519,8099.09,4049.54,899.9
Iceland,1,8,2967,4921.53,4921.53,615.19
Lithuania,1,6,2306,4892.68,4892.68,815.45
Canada,5,8,3657,4883.04,976.61,610.38
Thailand,1,2,2552,3070.54,3070.54,1535.27
RSA,2,2,942,1933.74,966.87,966.87
Lebanon,1,1,386,1693.88,1693.88,1693.88
Brazil,2,2,545,1411.87,705.94,705.94
Bahrain,2,4,755,1354.37,677.18,338.59
European Community,1,4,499,1300.25,1300.25,325.06
Korea,2,2,700,1118.51,559.26,559.26
Czech Republic,1,2,671,826.74,826.74,413.37
West Indies,1,1,395,536.41,536.41,536.41
Saudi Arabia,1,1,80,145.92,145.92,145.92
Nigeria,1,2,103,140.39,140.39,70.19
